	gnm	species	subspecies	covMean	covSD	covMin	covMax	covMedian	>=x1	>=x10	>=x25	>=x50	>=x75	>=x100	assembly
0	MH509440.2	Phocid alphaherpesvirus 1	--	0.40973946418837265	4.649504892400915	0	233	0	0.14532157078	0.0006722188800000001	0.00066348876	0.0006372984000000001	0.0006111080400000001	0.00056745744	GCA_008766915.1
1	Phocid alphaherpesvirus 1 genome	Phocid alphaherpesvirus 1	--	0.40973946418837265	4.649504892400915	0	233	0	0.14532157078	0.0006722188800000001	0.00066348876	0.0006372984000000001	0.0006111080400000001	0.00056745744	GCA_008766915.1
2	NC_001664.4	Human betaherpesvirus 6A	--	0.192103199257387	0.650309869175835	0	6	0	0.096901754	0.0	0.0	0.0	0.0	0.0	GCF_000845685.2
3	Human betaherpesvirus 6A genome	Human betaherpesvirus 6A	--	0.192103199257387	0.650309869175835	0	6	0	0.096901754	0.0	0.0	0.0	0.0	0.0	GCF_000845685.2
4	NC_002532.2	Equine arteritis virus	strain=Bucyrus	0.1596350478905144	0.6311269116638517	0	4	0	0.06675070000000001	0.0	0.0	0.0	0.0	0.0	GCF_000860865.1
5	Equine arteritis virus strain=Bucyrus genome	Equine arteritis virus	strain=Bucyrus	0.1596350478905144	0.6311269116638517	0	4	0	0.06675070000000001	0.0	0.0	0.0	0.0	0.0	GCF_000860865.1
6	NC_043410.1	Phocid alphaherpesvirus 1	strain=PB84	0.23042382156609426	0.7066230524558158	0	4	0	0.11703908	0.0	0.0	0.0	0.0	0.0	GCF_002985885.1
7	Phocid alphaherpesvirus 1 strain=PB84 genome	Phocid alphaherpesvirus 1	strain=PB84	0.23042382156609426	0.7066230524558158	0	4	0	0.11703908	0.0	0.0	0.0	0.0	0.0	GCF_002985885.1
